{"cameraMode":{"drawMode":0,"name":"Shaded","section":"Shading Mode"},"sceneLighting":false,"audioPlay":false,"sceneViewState":{"m_AlwaysRefresh":false,"showFog":false,"showSkybox":false,"showFlares":false,"showImageEffects":false,"showParticleSystems":false,"showVisualEffectGraphs":true,"m_FxEnabled":false},"in2DMode":false,"pivot":{"x":23.53083038330078,"y":19.020021438598634,"z":-23.274911880493165},"rotation":{"x":0.039779920130968097,"y":0.03640693798661232,"z":-0.0013217267114669085,"w":0.9986352324485779},"size":7.65225887298584,"orthographic":false}