{"cameraMode":{"drawMode":0,"name":"Shaded","section":"Shading Mode"},"sceneLighting":false,"audioPlay":false,"sceneViewState":{"m_AlwaysRefresh":false,"showFog":false,"showSkybox":false,"showFlares":false,"showImageEffects":false,"showParticleSystems":false,"showVisualEffectGraphs":true,"m_FxEnabled":false},"in2DMode":false,"pivot":{"x":1.4147945642471314,"y":5.068866729736328,"z":15.445399284362793},"rotation":{"x":-0.021782949566841127,"y":-0.9191461801528931,"z":0.39023876190185549,"w":-0.05143621936440468},"size":16.101337432861329,"orthographic":false}