{"cameraMode":{"drawMode":0,"name":"Shaded","section":"Shading Mode"},"sceneLighting":false,"audioPlay":false,"sceneViewState":{"m_AlwaysRefresh":false,"showFog":false,"showSkybox":false,"showFlares":false,"showImageEffects":false,"showParticleSystems":false,"showVisualEffectGraphs":true,"m_FxEnabled":false},"in2DMode":false,"pivot":{"x":18.343835830688478,"y":-21.950780868530275,"z":44.31499481201172},"rotation":{"x":0.27289870381355288,"y":-0.018512630835175515,"z":0.005828394554555416,"w":0.9620969295501709},"size":41.61588668823242,"orthographic":false}