{"cameraMode":{"drawMode":0,"name":"Shaded","section":"Shading Mode"},"sceneLighting":false,"audioPlay":false,"sceneViewState":{"m_AlwaysRefresh":false,"showFog":false,"showSkybox":false,"showFlares":false,"showImageEffects":false,"showParticleSystems":false,"showVisualEffectGraphs":true,"m_FxEnabled":true},"in2DMode":false,"pivot":{"x":-0.18829187750816346,"y":6.271969318389893,"z":10.576955795288086},"rotation":{"x":0.25083988904953005,"y":0.12100876867771149,"z":-0.03162179887294769,"w":0.9599187970161438},"size":1.5849249362945557,"orthographic":false}