{"cameraMode":{"drawMode":0,"name":"Shaded","section":"Shading Mode"},"sceneLighting":false,"audioPlay":false,"sceneViewState":{"m_AlwaysRefresh":false,"showFog":false,"showSkybox":false,"showFlares":false,"showImageEffects":false,"showParticleSystems":false,"showVisualEffectGraphs":true,"m_FxEnabled":true},"in2DMode":false,"pivot":{"x":-0.10506544262170792,"y":6.024407386779785,"z":11.560318946838379},"rotation":{"x":0.25437185168266299,"y":0.037705618888139728,"z":-0.009925520978868008,"w":0.9663204550743103},"size":2.9206924438476564,"orthographic":false}