{"cameraMode":{"drawMode":0,"name":"Shaded","section":"Shading Mode"},"sceneLighting":false,"audioPlay":false,"sceneViewState":{"m_AlwaysRefresh":false,"showFog":false,"showSkybox":false,"showFlares":false,"showImageEffects":false,"showParticleSystems":false,"showVisualEffectGraphs":true,"m_FxEnabled":true},"in2DMode":false,"pivot":{"x":-0.16842889785766602,"y":5.780775547027588,"z":13.790655136108399},"rotation":{"x":-0.045854635536670688,"y":0.03685303032398224,"z":0.0016925388481467963,"w":0.9982699751853943},"size":2.5233335494995119,"orthographic":false}