{"cameraMode":{"drawMode":0,"name":"Shaded","section":"Shading Mode"},"sceneLighting":false,"audioPlay":false,"sceneViewState":{"m_AlwaysRefresh":false,"showFog":false,"showSkybox":false,"showFlares":false,"showImageEffects":false,"showParticleSystems":false,"showVisualEffectGraphs":true,"m_FxEnabled":true},"in2DMode":false,"pivot":{"x":-1.0480517148971558,"y":5.976864337921143,"z":13.713091850280762},"rotation":{"x":0.04243850335478783,"y":-0.08292928338050842,"z":0.0035345484502613546,"w":0.9956486225128174},"size":2.879542589187622,"orthographic":false}